,timestamp,x_i,y_i,vx_i,vy_i,hx_i,hy_i,acc_i,length_i,width_i,x_j,y_j,vx_j,vy_j,hx_j,hy_j,acc_j,length_j,width_j,TTC,DRAC,MTTC,t
4,1669899870.5600002,314730.7076132371,-27.524713483004767,76.75862876884639,-0.6481453033592288,0.9999643518396847,-0.008443639608562117,0.7220643678027727,20.831321716308594,6.875411033630371,314781.21633775276,-46.19530861720615,61.12997362529859,5.701733266453857,0.99567831671239,0.09286920710753184,-1.6149071252878002,67.10565100775824,11.083284378051758,1.7062460173886842,4.943418188941685,1.541626052847126,0.0
5,1669899870.6000001,314733.7785399013,-27.54954759714422,76.78750896127895,-0.64134321596066,0.9999651223564004,-0.008351890250065837,0.7221642252596894,20.831321716308594,6.875411033630371,314783.6631571097,-45.99871410335594,61.07062735455111,5.640428592948638,0.9957619918133935,0.09196768812916406,-1.6212079877662973,67.10565100775824,11.083284378051758,1.681979186151382,5.031498153248563,1.5216864944312287,0.039999961853027344
6,1669899870.64,314736.85062405386,-27.57411022902762,76.81651748996228,-0.6345413161947704,0.9999658839799647,-0.00826019831286191,0.7256017101545922,20.831321716308594,6.875411033630371,314786.1075757709,-45.80462685208843,61.01104919379577,5.579123674759558,0.9958449938559295,0.09106452773766409,-1.626124327668549,67.10565100775824,11.083284378051758,1.6577360159548633,5.122349062528738,1.501615589209788,0.07999992370605469
7,1669899870.68,314739.92387121305,-27.59840138717462,76.84567139483988,-0.6277397076574971,0.9999666367267359,-0.008168563730555715,0.7294106711642598,20.831321716308594,6.875411033630371,314788.5495834712,-45.61304579112885,60.95120674651116,5.517818397500946,0.9959273156180307,0.09015975823982278,-1.6317216056606867,67.10565100775824,11.083284378051758,1.6335164475968664,5.216103648119636,1.4814699862113883,0.11999988555908203
8,1669899870.72,314742.9982874909,-27.622421095553328,76.87498335400596,-0.6209385305484147,0.999967380604839,-0.0080769874518192,0.730618059450876,20.831321716308594,6.875411033630371,314790.98916890245,-45.42397041734386,60.891077536158264,5.456512610216691,0.9960089514940776,0.08925339513804616,-1.6400022936074947,67.10565100775824,11.083284378051758,1.6093208082585293,5.312897072489602,1.4613045386377082,0.15999984741210938
9,1669899870.76,314746.0738794199,-27.646169398200282,76.90423256997019,-0.6141361574885309,0.9999681156122108,-0.007985471743371018,0.7348519843887971,20.831321716308594,6.875411033630371,314793.4263201056,-45.23740077971204,60.830469771288335,5.3951902238035245,0.9960898973691407,0.0883454376814954,-1.6461018895324742,67.10565100775824,11.083284378051758,1.5851545211070917,5.412834149910411,1.441084516396399,0.19999980926513672
10,1669899870.8000002,314749.1506537903,-27.66964634445066,76.93388213170692,-0.6073364190384041,0.9999688417498578,-0.007894018586747544,0.7448796708355303,20.831321716308594,6.875411033630371,314795.86102506914,-45.05333809430311,60.7697484777309,5.333882607378655,0.9961701521481692,0.08743585059398404,-1.6474095425951418,67.10565100775824,11.083284378051758,1.5610094532076448,5.516116438474592,1.4207991010878325,0.24000000953674316
11,1669899870.8400002,314752.2286174898,-27.692852033099708,76.96393225342035,-0.6005396550582418,0.9999695589900868,-0.007802633732997201,0.7491496880647901,20.831321716308594,6.875411033630371,314798.29327214975,-44.87178335320583,60.70893088495359,5.272590021180804,0.9962497139911977,0.08652460558972062,-1.6526506526528237,67.10565100775824,11.083284378051758,1.5368871771721755,5.622885477943717,1.4005871452823329,0.2799999713897705
12,1669899870.88,314755.307777347,-27.715786556500777,76.99392194580287,-0.5937425123058233,0.9999702673210418,-0.0077113211503662925,0.7504563715448285,20.831321716308594,6.875411033630371,314800.7230507848,-44.692739222516906,60.64768690848723,5.211279790143635,0.9963285852008709,0.08561162486269684,-1.6591205821273434,67.10565100775824,11.083284378051758,1.5127992257741902,5.733213741669689,1.380444543047306,0.31999993324279785
13,1669899870.92,314758.3881400337,-27.738450044103377,77.02407531021163,-0.5869471972931706,0.9999709667154589,-0.007620087017264944,0.7544705745252713,20.831321716308594,6.875411033630371,314803.15035210515,-44.516208750885816,60.586248809471726,5.149967612320211,0.9964067687165957,0.08469681963186468,-1.6618319833825126,67.10565100775824,11.083284378051758,1.4887435118723424,5.8472728265090925,1.3603310170261516,0.3599998950958252
14,1669899870.96,314761.46971197124,-27.76084264734961,77.05438483459875,-0.5801541358301279,0.9999716571439967,-0.007528938085097845,0.7553934182078592,20.831321716308594,6.875411033630371,314805.57516970404,-44.34219581155121,60.52468454558402,5.08865306744292,0.9964842691654625,0.08378007702177141,-1.664910012237442,67.10565100775824,11.083284378051758,1.4647231091260802,5.965200859237474,1.3403163804452087,0.39999985694885254
15,1669899871.0,314764.5524992305,-27.78296454734062,77.0846107234247,-0.5733621156106778,0.9999723385714577,-0.0074378822207797415,0.7589014419221485,20.831321716308594,6.875411033630371,314807.9975002348,-44.170704818857516,60.46289776172489,5.0273209026345285,0.9965610920431262,0.08286126855058251,-1.6634737376820112,67.10565100775824,11.083284378051758,1.4407457603110025,6.087099521702846,1.320361579677756,0.4399998188018799
16,1669899871.0400002,314767.6365074346,-27.80481593954537,77.1151997577399,-0.5665750148637585,0.9999730109694972,-0.00734692674509393,0.7677875569397656,20.831321716308594,6.875411033630371,314810.41734407196,-44.001741135388734,60.40134534612298,4.966000058650138,0.9966372446335463,0.08194023803512494,-1.6549620299895196,67.10565100775824,11.083284378051758,1.4168068683161603,6.213178054075753,1.3004455962288621,0.48000001907348633
17,1669899871.0800002,314770.7217416183,-27.826397077393995,77.14613519934937,-0.5597934557640656,0.9999736742871146,-0.007256082464219089,0.7704752847041618,20.831321716308594,6.875411033630371,314812.834705625,-43.83530955036659,60.340135995298624,4.90469059473412,0.9967127321898424,0.0810168469558,-1.6481324485768027,67.10565100775824,11.083284378051758,1.3929105550913226,6.343578133715011,1.28067602738262,0.5199999809265137
18,1669899871.1200001,314773.8082060876,-27.84770821714375,77.1769377430901,-0.5530146021637279,0.9999743284912586,-0.007165358222496282,0.7697510767072799,20.831321716308594,6.875411033630371,314815.2495939327,-43.671416098041995,60.27902846550569,4.84336186113012,0.9967875623668041,0.0800909202771727,-1.640471298369107,67.10565100775824,11.083284378051758,1.3690699025316628,6.478363314014275,1.2610357653699904,0.559999942779541
19,1669899871.16,314776.8959042822,-27.868749660563033,77.20781392045319,-0.546240798284316,0.9999749735380206,-0.007074764846632248,0.7712804782159992,20.831321716308594,6.875411033630371,314817.6620229852,-43.510066540829186,60.21833116747439,4.7820283371543155,0.9968617414552935,0.07916229167172628,-1.62726667033769,67.10565100775824,11.083284378051758,1.3452854220885333,6.617710844889968,1.2414747859248232,0.5999999046325684
20,1669899871.2,314779.98483865213,-27.889521737884703,77.23873747559264,-0.5394727074009324,0.999975609385698,-0.006984313402334785,0.7692402942350327,20.831321716308594,6.875411033630371,314820.0720120217,-43.35126679184723,60.158178919926286,4.720689530144568,0.9969352754080744,0.07823079091398226,-1.6128847928981713,67.10565100775824,11.083284378051758,1.3215621044734487,6.761762872529751,1.2220383544619084,0.6399998664855957
21,1669899871.24,314783.0750105367,-27.910024813260087,77.26944909663871,-0.5327094476534739,0.9999762359920121,-0.006894015611211049,0.7693262394833482,20.831321716308594,6.875411033630371,314822.47958577034,-43.19502260447903,60.09853193257004,4.659331267671632,0.9970081691007205,0.07729625312024455,-1.5927566457138482,67.10565100775824,11.083284378051758,1.2979089140211282,6.910623705484474,1.2026790484219303,0.679999828338623
22,1669899871.2800002,314786.16642007086,-27.930259267397396,77.3003783589229,-0.5259548362323017,0.9999768533261695,-0.006803882119246412,0.7743612755404001,20.831321716308594,6.875411033630371,314824.88477456383,-43.04134001441487,60.039889071602374,4.597980339346805,0.9970804273643307,0.07635850553123527,-1.5645888376307084,67.10565100775824,11.083284378051758,1.2743234860718056,7.064523782768659,1.1833663422815377,0.7200000286102295
23,1669899871.3200002,314789.259066093,-27.950225540069518,77.33149141119793,-0.5192096527872536,0.9999774613413915,-0.006713926513293149,0.7727837842625149,20.831321716308594,6.875411033630371,314827.2876143134,-42.890223924440576,59.98239411972463,4.5366368960693535,0.997152051756401,0.07541740964790476,-1.537290505527153,67.10565100775824,11.083284378051758,1.2508110907863903,7.2236211525442275,1.1641824731712298,0.7599999904632568
24,1669899871.3600001,314792.3529460523,-27.969924072904778,77.3622929258272,-0.5124714316504537,0.9999780600130305,-0.0066241597637915605,0.7674520151152819,20.831321716308594,6.875411033630371,314829.6881467406,-42.74168001190571,59.92583528487012,4.4752726368876665,0.9972230449673222,0.07447280433891292,-1.5085140909455959,67.10565100775824,11.083284378051758,1.2273849222900328,7.387988404289905,1.145105735664072,0.7999999523162842
25,1669899871.4,314795.44805599836,-27.989355349644345,77.3929780726321,-0.5057424939055295,0.9999786493122119,-0.0065345940749407475,0.7641179184968223,20.831321716308594,6.875411033630371,314832.0864194548,-42.59571334687635,59.870542824734,4.41390116759419,0.9972934076772154,0.07352454694567916,-1.4736570119054022,67.10565100775824,11.083284378051758,1.2040467405510376,7.557830510592618,1.1260886677825255,0.8399999141693115
26,1669899871.44,314798.5443905715,-28.008519879525053,77.42351148556918,-0.49902357694395505,0.9999792292167448,-0.00644524127436934,0.757020054581858,20.831321716308594,6.875411033630371,314834.48248617694,-42.45232893302928,59.81667238147929,4.352522274569537,0.9973631398177928,0.07257249708252994,-1.437110350862099,67.10565100775824,11.083284378051758,1.180802292298069,7.733314267076104,1.1071670227552597,0.8799998760223389
27,1669899871.48,314801.64194299234,-28.027418201606277,77.45362743036821,-0.4923139696393264,0.9999797997083819,-0.0063561132136278516,0.7519542731904494,20.831321716308594,6.875411033630371,314836.8764068955,-42.311531395819365,59.76420383807272,4.291123224079456,0.9974322399165723,0.07161652585129828,-1.3943842121632315,67.10565100775824,11.083284378051758,1.157660812343245,7.914565250838775,1.0882981708580077,0.9199998378753662
28,1669899871.5200002,314804.74070511624,-28.04605086661265,77.48375437967479,-0.4856172761219568,0.9999803607835746,-0.0062672200497625044,0.7518446857952767,20.831321716308594,6.875411033630371,314839.2682478992,-42.17332544192671,59.713650743011385,4.229729020390778,0.9975007061259588,0.07065650202361898,-1.3432786136428376,67.10565100775824,11.083284378051758,1.1346214084065565,8.101855537012327,1.069452944066422,0.9600000381469727
29,1669899871.5600002,314807.8406674872,-28.06441847704244,77.51386016514152,-0.4789342721216485,0.9999809124287484,-0.0061785741209283785,0.7451889806068266,20.831321716308594,6.875411033630371,314841.6580816656,-42.03771431132657,59.66516902670264,4.168340311597376,0.9975685329926176,0.06969233805058384,-1.2928017689454236,67.10565100775824,11.083284378051758,1.1116898618972557,8.295379110427366,1.0506972131540924,1.0
30,1669899871.6000001,314810.941819409,-28.08252163009301,77.54345309454948,-0.4722626980849327,0.9999814546541228,-0.006090184547675844,0.7349157088326592,20.831321716308594,6.875411033630371,314844.04598681227,-41.904701596464996,59.618553320877254,4.1069315785371145,0.9976357154118154,0.06872393567568308,-1.240828259405248,67.10565100775824,11.083284378051758,1.0888789191040014,8.495237001497784,1.0320090067066872,1.0399999618530273
31,1669899871.64,314814.0441490159,-28.100360958326966,77.57273563882336,-0.46560469488991885,0.9999819874683405,-0.00600206121824059,0.7268495392800105,20.831321716308594,6.875411033630371,314846.432047821,-41.77428980542182,59.57412838516757,4.04551599208969,0.9977022456748625,0.06775122858912644,-1.183026684148217,67.10565100775824,11.083284378051758,1.0661909891634436,8.701688928216074,1.013343975707664,1.0799999237060547
32,1669899871.68,314817.14764334314,-28.117937110917627,77.60168189089745,-0.4589609080251762,0.9999825108889534,-0.005914213068888705,0.7181748708329678,20.831321716308594,6.875411033630371,314848.81635490555,-41.64648085747885,59.53203466255218,3.9840940948880643,0.9977681146218887,0.06677416748924275,-1.1218054154691117,67.10565100775824,11.083284378051758,1.04363187719077,8.91495942849994,0.99471242786094,1.119999885559082
33,1669899871.72,314820.2522884526,-28.135250753672086,77.63026907946914,-0.4523319476517713,0.9999830249411734,-0.005826648221807811,0.7060861662147317,20.831321716308594,6.875411033630371,314851.1990036776,-41.521275913019075,59.49240459455177,3.922666608451891,0.997833311402821,0.06579272493886182,-1.0596009174716983,67.10565100775824,11.083284378051758,1.0212073276167934,9.135288741403485,0.9761229009227533,1.1599998474121094
34,1669899871.76,314823.35806955793,-28.152302569004846,77.65824685944244,-0.4457170732063105,0.9999835296567293,-0.005739374118241757,0.6964795455347712,20.831321716308594,6.875411033630371,314853.58009482647,-41.3986752143801,59.45518396096304,3.8612231285447933,0.9978978232895245,0.06480689989521993,-0.9922328040490811,67.10565100775824,11.083284378051758,0.9989259298948097,9.362879930848154,0.9575387649988966,1.1999998092651367
35,1669899871.8000002,314826.4649712154,-28.169093236497297,77.68606430757791,-0.4391194015781821,0.9999840250830377,-0.005652395839537619,0.692369285933637,20.831321716308594,6.875411033630371,314855.9597337064,-41.278678625249455,59.42083859629929,3.799787258419883,0.9979616368507018,0.0638167013740751,-0.9177550328912503,67.10565100775824,11.083284378051758,0.9767874474905285,9.598120878705766,0.9389357884851945,1.2400000095367432
36,1669899871.8400002,314829.5729775147,-28.185623471781565,77.71371188852936,-0.43253946218840156,0.9999845112603352,-0.005565720027859322,0.6823165164007605,20.831321716308594,6.875411033630371,314858.3380298118,-41.161284177190865,59.389469888526946,3.738360903302123,0.9980247352916821,0.06282219150879535,-0.8452821975115512,67.10565100775824,11.083284378051758,0.954797271408999,9.841320006073785,0.9203694782111717,1.2799999713897705
37,1669899871.88,314832.68207226944,-28.201893969005447,77.74072358338162,-0.4259749933963235,0.9999849882515793,-0.005479349549789205,0.6693808596979807,20.831321716308594,6.875411033630371,314860.7150964949,-41.04649013075024,59.36081594415009,3.676922460522178,0.9980871025426619,0.061823423861785326,-0.7727783517632361,67.10565100775824,11.083284378051758,0.9329668754417236,10.092684187400057,0.9018263356868184,1.3199999332427979
38,1669899871.92,314835.79223931156,-28.21790543731115,77.76733495714143,-0.4194276753914892,0.9999854561206131,-0.0053932872396503665,0.6595295025505266,20.831321716308594,6.875411033630371,314863.09105061804,-40.93429355927487,59.33514012861997,3.615485292473636,0.9981487206650161,0.06082048532190221,-0.6959867732576868,67.10565100775824,11.083284378051758,0.9112988417196771,10.352619305904293,0.8832751281288368,1.3599998950958252
39,1669899871.96,314838.90346278495,-28.233658581708625,77.7935571926646,-0.4128977891354566,0.9999859149406105,-0.0053075343041969515,0.6471423089228665,20.831321716308594,6.875411033630371,314865.4660123406,-40.8246908798052,59.312520504463464,3.5540515342449908,0.9982095709888092,0.05981347997180184,-0.6195618021682776,67.10565100775824,11.083284378051758,0.8897987612736237,10.621499788687029,0.8647427788761864,1.3999998569488525
40,1669899872.0,314842.0157274162,-28.249154104787998,77.8191762524657,-0.40638434478336194,0.9999863647909275,-0.005222090790699945,0.638171031701745,20.831321716308594,6.875411033630371,314867.8401047096,-40.717677595229006,59.292848699726164,3.4926133950953044,0.9982696337719258,0.05880253641523576,-0.53934338020008,67.10565100775824,11.083284378051758,0.8684748064973347,10.899664643833862,0.8462064316517701,1.4399998188018799
41,1669899872.0400002,314845.12901878613,-28.264392687954114,77.84467960568145,-0.3998898214449582,0.9999868057642999,-0.005136954088962743,0.6356361467136367,20.831321716308594,6.875411033630371,314870.2134533122,-40.61324885525531,59.27653483580798,3.4311938933083184,0.998328889317524,0.05778779070044932,-0.4534249581267886,67.10565100775824,11.083284378051758,0.8473276711177669,11.18767376277318,0.8276534247137957,1.4800000190734863
42,1669899872.0800002,314848.2433234935,-28.279375027479773,77.87009454797953,-0.3934142974867427,0.9999872379463918,-0.005052122756445216,0.6280432257999564,20.831321716308594,6.875411033630371,314872.58618566085,-40.51139789370714,59.26362288091332,3.369796658116684,0.9983873153909256,0.056769432501129945,-0.3709780149833932,67.10565100775824,11.083284378051758,0.8263630060866285,11.48600391471816,0.8091356900995221,1.5199999809265137
43,1669899872.1200001,314851.35862932133,-28.294101778079074,77.89498900668696,-0.386955256984038,0.9999876614414012,-0.004967591464461295,0.6183785917169189,20.831321716308594,6.875411033630371,314874.9584308039,-40.412118092070266,59.253790460992604,3.3084040992680457,0.9984448909555638,0.05574764322132597,-0.29012365867504286,67.10565100775824,11.083284378051758,0.8055919584537756,11.795019681893338,0.7906495607344567,1.559999942779541
44,1669899872.16,314854.47492540366,-28.308573588909937,77.91962948581204,-0.3805137352108545,0.999988076351772,-0.004883354818418571,0.6124979327660185,20.831321716308594,6.875411033630371,314877.3303187351,-40.31540143574782,59.247231270652264,3.2470303742575197,0.9985015936367284,0.05472264161125419,-0.20680689592359158,67.10565100775824,11.083284378051758,0.7850180481233667,12.115327706418027,0.7721768865265644,1.5999999046325684
45,1669899872.2,314857.59220229025,-28.322791083490042,77.94405220961198,-0.3740894482151589,0.9999884827854452,-0.0047994058448579,0.6046225750318399,20.831321716308594,6.875411033630371,314879.70197981154,-40.22123910573672,59.2439468158409,3.1856795787105057,0.9985574008905341,0.053694665719614794,-0.12585111064856846,67.10565100775824,11.083284378051758,0.7646475769866335,12.447506080848463,0.7537469359102168,1.6399998664855957
46,1669899872.24,314860.7104520132,-28.336754861690878,77.96806139498949,-0.367680928909067,0.9999888808523504,-0.004715736598193254,0.6005581482963862,20.831321716308594,6.875411033630371,314882.0735441298,-40.129621273307826,59.2437454466708,3.124347030564195,0.9986122898092553,0.05266397859937782,-0.04326645276250929,67.10565100775824,11.083284378051758,0.7444892464182212,12.792098152323444,0.7353503045014139,1.679999828338623
47,1669899872.2800002,314863.8296680544,-28.350465480998036,77.99215785553679,-0.3612898165160914,0.9999892706704944,-0.004632336763752648,0.6031921537711469,20.831321716308594,6.875411033630371,314884.4451408529,-40.040537719975,59.24694739887491,3.063055605452064,0.9986662382345113,0.05163084940740821,0.04270943990923115,67.10565100775824,11.083284378051758,0.724545621384187,13.14991085469786,0.7169854034445283,1.7200000286102295
48,1669899872.3200002,314866.94984531583,-28.3639234911075,78.01637651771307,-0.3549155683164713,0.9999896523480549,-0.004549197381566679,0.6008963855325646,20.831321716308594,6.875411033630371,314886.81689742085,-39.953976325377475,59.2535017109476,3.0018110074161086,0.9987192225336099,0.050595598048267715,0.12280381900973225,67.10565100775824,11.083284378051758,0.7048236789350654,13.521660817156283,0.6987012394177191,1.7599999904632568
49,1669899872.3600001,314870.070980091,-28.377129378585785,78.04028795193881,-0.34855527777176576,0.9999900260059053,-0.004466305935443749,0.596586615167439,20.831321716308594,6.875411033630371,314889.1889389399,-39.86992521905968,59.26298784278333,2.940599944893279,0.9987712210725606,0.04955853062012991,0.1988321686233121,67.10565100775824,11.083284378051758,0.6853354852459685,13.907931973657623,0.6805043292610339,1.7999999523162842
50,1669899872.4,314873.19307009946,-28.39008360286267,78.06416062964126,-0.34220925707853667,0.9999903917595447,-0.004383650144824227,0.5960955482278223,20.831321716308594,6.875411033630371,314891.5613875158,-39.78837130899782,59.27549984958023,2.8794376025336987,0.9988222120403144,0.04851998284102426,0.2748312846849785,67.10565100775824,11.083284378051758,0.6660868789512345,14.309592759905538,0.6623896920538019,1.8399999141693115
51,1669899872.44,314876.31611452356,-28.40278657724181,78.08803158905357,-0.33587663514316546,0.9999907497256217,-0.004301216477829825,0.5936257083400278,20.831321716308594,6.875411033630371,314893.9343616796,-39.70930092553708,59.29093969240785,2.8183302138170347,0.9988721745405041,0.04748030042791013,0.3460057025902188,67.10565100775824,11.083284378051758,0.6470864747232259,14.727473090697773,0.6443891599576711,1.8799998760223389
52,1669899872.48,314879.4401140459,-28.41523867209023,78.11170550854877,-0.3295554994577401,0.9999911000187366,-0.004218990793689718,0.5950050036968833,20.831321716308594,6.875411033630371,314896.3079757519,-39.632699692129044,59.30901827663183,2.7572763259512385,0.998921088488334,0.046439842519995646,0.41643877549029185,67.10565100775824,11.083284378051758,0.6283453576202066,15.162350218682613,0.6265061739184445,1.9199998378753662
53,1669899872.5200002,314882.56507085206,-28.4274401983293,78.13568579824641,-0.32324674007554677,0.9999914427566888,-0.004136957021266676,0.6031317922747803,20.831321716308594,6.875411033630371,314898.6823393703,-39.558553224340756,59.32996406406164,2.696298749108223,0.998968935648531,0.045398960442294814,0.48803511845642333,67.10565100775824,11.083284378051758,0.6098700348847175,15.615291013351737,0.608750355043882,1.9600000381469727
54,1669899872.5600002,314885.6909886338,-28.439391444919206,78.16000871313736,-0.3169493371133285,0.9999917780440526,-0.0040551010214584056,0.6063205602073367,20.831321716308594,6.875411033630371,314901.0575568949,-39.48684564048417,59.35363995516673,2.6354052712694624,0.9990156976431006,0.04435804169109566,0.5516685143261384,67.10565100775824,11.083284378051758,0.5916712424707271,16.087226737051335,0.5911695830759779,2.0
55,1669899872.6000001,314888.817872494,-28.451092627938593,78.18424283666536,-0.3106601828794169,0.9999921059916828,-0.003973405884026327,0.6074214151539081,20.831321716308594,6.875411033630371,314903.43372710084,-39.41756171238694,59.37954520760104,2.5745868244225107,0.9990613589354956,0.04331744546901175,0.6092839643085881,67.10565100775824,11.083284378051758,0.5737648185168442,16.578879008115948,20428.15419416983,2.0399999618530273
56,1669899872.64,314891.9457288519,-28.462543926682933,78.2086527114734,-0.3043790865360734,0.9999924267013985,-0.003891855579014599,0.612197460205266,20.831321716308594,6.875411033630371,314905.8109426844,-39.350685317566,59.40769844036549,2.5138594790711863,0.9991059047452782,0.04227754845209349,0.665055322683429,67.10565100775824,11.083284378051758,0.5561620422308972,17.091247318539214,718.7689772019603,2.0799999237060547
57,1669899872.68,314895.0745653505,-28.473745467704777,78.23326782230288,-0.2981048372988653,0.9999927402714996,-0.003810433610107978,0.617682924419455,20.831321716308594,6.875411033630371,314908.1892898534,-39.28620013937098,59.43793243775144,2.4532313746465775,0.9991493220130931,0.041238723559007165,0.7165653036195181,67.10565100775824,11.083284378051758,0.5388774021838126,17.625199829828432,383.6672162351189,2.119999885559082
58,1669899872.72,314898.20439076767,-28.484697327512958,78.25811545178294,-0.2918361970927208,0.99999304679524,-0.003729123378593156,0.6209115388694499,20.831321716308594,6.875411033630371,314910.5688480408,-39.224089635322265,59.47007274348289,2.392710917522834,0.9991915993521244,0.04020134057644862,0.7614370690189389,67.10565100775824,11.083284378051758,0.5219269020821713,18.181536141977563,269.5897675672684,2.1599998474121094
59,1669899872.76,314901.33521492884,-28.49539953505517,78.28298778412864,-0.2855710787057433,0.9999933463595557,-0.003647908526510808,0.6276795928008596,20.831321716308594,6.875411033630371,314912.9496896086,-39.16433700295207,59.50376224750653,2.3322999902293873,0.9992327269992457,0.039165766858966694,0.8040029587800746,67.10565100775824,11.083284378051758,0.5053297050193011,18.760837002012103,214.562153596562,2.1999998092651367
60,1669899872.8000002,314904.46704865666,-28.50585205744416,78.30837595369667,-0.27930986728540574,0.9999936390499816,-0.0035667715899823245,0.6408742362282283,20.831321716308594,6.875411033630371,314915.3318797507,-39.10692586501974,59.53917316067964,2.272020835629746,0.9992726975856108,0.03813234663611063,0.8464042447833435,67.10565100775824,11.083284378051758,0.48910272081474443,19.363838843830703,183.83121697474033,2.240000009536743
61,1669899872.8400002,314907.5999037209,-28.516054837420917,78.33430280536413,-0.2730513516384008,0.9999939249375986,-0.0034856976197623485,0.6488138354931152,20.831321716308594,6.875411033630371,314917.7154763067,-39.05183871849274,59.57611924037337,2.211883100536852,0.9993115043032877,0.03710144696774058,0.8797139663638518,67.10565100775824,11.083284378051758,0.47326755070418614,19.99086969539969,163.42357488037624,2.2799999713897705
62,1669899872.88,314910.73379279,-28.52600774345629,78.36032495833933,-0.26679254798045804,0.9999942040962936,-0.0034046694142524443,0.6544317460259208,20.831321716308594,6.875411033630371,314920.1005297148,-38.99905906098099,59.614059233572334,2.1518820192847556,0.9993491433119313,0.03607339409743635,0.9061592771820415,67.10565100775824,11.083284378051758,0.457851721688163,20.64167453478225,149.71623206220937,2.319999933242798
63,1669899872.92,314913.868729485,-28.535710608914922,78.38670021947473,-0.2605330588839365,0.9999944765895438,-0.0033236712238613572,0.6635861326496979,20.831321716308594,6.875411033630371,314922.4870830186,-38.94856989453836,59.65298546338454,2.0920340448143975,0.999385611962925,0.03504851782158376,0.9302481948577679,67.10565100775824,11.083284378051758,0.44288091927892725,21.315948584208392,141.1645739252852,2.359999895095825
64,1669899872.96,314917.00472843467,-28.54516321930755,78.41345370700583,-0.25427166076099184,0.9999947424751608,-0.0032426874713554644,0.6704434498594765,20.831321716308594,6.875411033630371,314924.87517195864,-38.90035438760848,59.69271698174998,2.0323488465152764,0.9994209094867479,0.034027131537665414,0.9476643967103655,67.10565100775824,11.083284378051758,0.4283856010349214,22.012723870533875,135.6340582371988,2.3999998569488525
65,1669899873.0,314920.1418052695,-28.55436532046133,78.44037654623389,-0.24800644487015688,0.9999950018033118,-0.0031617034007860433,0.6808278795625711,20.831321716308594,6.875411033630371,314927.2648252202,-38.854395705778394,59.732901168521494,1.9728305381839846,0.9994550367372986,0.03300953711346319,0.9630395760889314,67.10565100775824,11.083284378051758,0.41440108907771533,22.730196377391284,133.09284799627568,2.43999981880188
66,1669899873.0400002,314923.2799766162,-28.563316606780415,78.4679599525407,-0.2417376907092148,0.9999952546207431,-0.0030807038148869905,0.6976077455409495,20.831321716308594,6.875411033630371,314929.656064712,-38.81067762928985,59.77372780116275,1.913500290205775,0.9994879967164905,0.031996006307924964,0.9788151680255623,67.10565100775824,11.083284378051758,0.400963586353342,23.466045576026776,133.4354017405482,2.4800000190734863
67,1669899873.0800002,314926.4192599796,-28.572016763029552,78.49622417800128,-0.23546436756157618,0.9999955009592114,-0.0029996768718943212,0.7090191273687196,20.831321716308594,6.875411033630371,314932.04890588124,-38.76918303628805,59.81503912387416,1.854368681333085,0.9995197930124993,0.030986825849874302,0.9863124430049766,67.10565100775824,11.083284378051758,0.38811598030088573,24.21662033297725,135.1907724442203,2.5199999809265137
68,1669899873.1200001,314929.5596736261,-28.580465416116663,78.52471934072673,-0.22918394767640393,0.9999957408509778,-0.002918609241420769,0.7179022188074669,20.831321716308594,6.875411033630371,314934.44335814676,-38.72989589596084,59.85633112862706,1.795433930518584,0.9995504316491385,0.029982237908815906,0.9880130843878305,67.10565100775824,11.083284378051758,0.3759097115893789,24.976547947288168,138.66119138925546,2.559999942779541
69,1669899873.16,314932.7012364663,-28.58866217650116,78.5536932265386,-0.22289620571496016,0.9999959743175292,-0.00283748986521628,0.7300055027212693,20.831321716308594,6.875411033630371,314936.8394252201,-38.69279975925596,59.897645090706646,1.7367121562699595,0.9995799195492386,0.028982484951046186,0.9886793726997212,67.10565100775824,11.083284378051758,0.36439865586259124,25.73923221222147,144.67200747796835,2.5999999046325684
70,1669899873.2,314935.8439678877,-28.596606627588624,78.58315566601232,-0.2166002540199088,0.9999962013741146,-0.0027563086440197215,0.7393703953672457,20.831321716308594,6.875411033630371,314939.23710565775,-38.657878370392005,59.93885767040774,1.6782136624423742,0.9996082650370877,0.02798779143740306,0.9842033339838281,67.10565100775824,11.083284378051758,0.3536453472254633,26.49594495857641,152.73225022078427,2.6399998664855957
71,1669899873.24,314938.98788758734,-28.604298335039676,78.61287775961682,-0.21029468422631226,0.9999964220285253,-0.0026750570363416734,0.7517441071116764,20.831321716308594,6.875411033630371,314941.6363933894,-38.62511545949007,59.97968177450821,1.619944142604652,0.9996354775723508,0.026998369926686912,0.979454834171861,67.10565100775824,11.083284378051758,0.34372182692008485,27.235493961321364,164.0998736217251,2.679999828338623
72,1669899873.2800002,314942.13301539054,-28.61173683671494,78.64332929532975,-0.20397999053125204,0.9999966362851984,-0.0025937267181903503,0.769944374063698,20.831321716308594,6.875411033630371,314944.037278403,-38.594495322457355,60.02038387581706,1.5619231048007691,0.9996615681303243,0.026014403764472196,0.9770908530834959,67.10565100775824,11.083284378051758,0.33470749657612964,27.94452363313221,180.2758314961368,2.7200000286102295
73,1669899873.3200002,314945.2793710701,-28.618921684178474,78.67450641887262,-0.1976556241931462,0.9999968441362307,-0.002512313192873226,0.7821572360858227,20.831321716308594,6.875411033630371,314946.4397473745,-38.56600129144732,60.060888999607414,1.5041614636332952,0.9996865479065371,0.025036092640644096,0.9686156460215898,67.10565100775824,11.083284378051758,0.32669468811903607,28.60660668199987,200.1598707572349,2.759999990463257
74,1669899873.3600001,314948.4269741647,-28.625852396823305,78.7059338176623,-0.1913198158510454,0.9999970455745483,-0.0024308110117102545,0.7912447481829759,20.831321716308594,6.875411033630371,314948.8437843875,-38.539617694334034,60.10078430362046,1.446659791829859,0.9997104297925693,0.02406359416122854,0.9567703602695019,67.10565100775824,11.083284378051758,0.31979233810912316,29.201940122456293,225.35012750573654,2.799999952316284
75,1669899873.4,314951.5758439,-28.632528505283098,78.73783695418388,-0.1849728138242881,0.9999972405847938,-0.00234921748631633,0.803015501046275,20.831321716308594,6.875411033630371,314951.2493717535,-38.51532836657963,60.14021461131051,1.3894333026123036,0.9997332271359906,0.023097068217804065,0.9465639821811465,67.10565100775824,11.083284378051758,0.3141223045285534,29.70840466784127,259.7251010679508,2.8399999141693115
76,1669899873.44,314954.7259991089,-28.638949540889058,78.77020502090454,-0.1786143583390185,0.9999974291477769,-0.0022675312207261185,0.8115585513280621,20.831321716308594,6.875411033630371,314953.6564908841,-38.493117179995146,60.179167514201254,1.3324923671275997,0.9997549540906927,0.022136661245928394,0.9340749605422616,67.10565100775824,11.083284378051758,0.30982701047905076,30.10123110487142,304.1772153028479,2.879999876022339
77,1669899873.48,314957.8774581526,-28.645115046680928,78.80279060592875,-0.1722438248006597,0.9999976112396859,-0.002185752712905676,0.8227089764401398,20.831321716308594,6.875411033630371,314956.065123145,-38.47296782124614,60.21747429156676,1.2758436895267096,0.9997756254028275,0.021182512843974495,0.924395046159475,67.10565100775824,11.083284378051758,0.30707306153440544,30.353762096989627,366.34358550574444,2.919999837875366
78,1669899873.5200002,314961.03023886663,-28.65102456899731,78.83604990597814,-0.1658621929209403,0.9999977868356946,-0.0021038830083250784,0.8393597574773821,20.831321716308594,6.875411033630371,314958.4752508654,-38.454864331020225,60.25553009705618,1.2195046563495566,0.9997952566934046,0.020234739765294583,0.9203684299770885,67.10565100775824,11.083284378051758,0.30605315979626185,30.439311328019873,459.6962155912975,2.9600000381469727
79,1669899873.5600002,314964.1843585081,-28.656677702721613,78.8699665418826,-0.15946968063798295,0.9999979559024933,-0.002021927504961255,0.8496969800971783,20.831321716308594,6.875411033630371,314960.886858308,-38.438789603260425,60.293393327854574,1.163485988230434,0.9998138634776813,0.019293480708066343,0.9135606508002638,67.10565100775824,11.083284378051758,0.3069950895629317,30.332116542525483,582.9233860889817,3.0
80,1669899873.6000001,314967.33983362623,-28.66207404835441,78.90405161166564,-0.15306556436996743,0.9999981184092713,-0.001939891212640728,0.8565744562338296,20.831321716308594,6.875411033630371,314963.2999325307,-38.424727213248566,60.330784594174474,1.1077900426879523,0.9998314622588942,0.01835884193628551,0.9067312366053102,67.10565100775824,11.083284378051758,0.3101718269560014,30.009196702975128,742.0026856905008,3.0399999618530273
81,1669899873.64,314970.4966799336,-28.667213256367052,78.93851742846891,-0.14665084081622126,0.9999982743208028,-0.0018577823921864913,0.8657918365571504,20.831321716308594,6.875411033630371,314965.7144641848,-38.412659950029024,60.36798352422193,1.05243066277842,0.9998480696043472,0.01743094112376995,0.9048610887682571,67.10565100775824,11.083284378051758,0.315905327622838,29.453769502203826,952.3106389586163,3.0799999237060547
82,1669899873.68,314973.6549121768,-28.67209501917746,78.97333886427805,-0.14022616334011673,0.9999984236012515,-0.0017756111657980895,0.8743567740383469,20.831321716308594,6.875411033630371,314968.13044835604,-38.40257032760404,60.40510894916952,0.9974177840997527,0.9998637024408744,0.016509892223347485,0.9061460552521794,67.10565100775824,11.083284378051758,0.3245840014937992,28.65675440312691,1170.0728509879716,3.119999885559082
83,1669899873.72,314976.8145440579,-28.67671908165996,79.00848884508014,-0.13379236407786266,0.9999985662143978,-0.001693389839547964,0.879286865559493,20.831321716308594,6.875411033630371,314970.54788522323,-38.39444044335793,60.442296255379915,0.9427612188384273,0.999878377961859,0.015595809833475804,0.9087153329680859,67.10565100775824,11.083284378051758,0.33667898404051494,27.61885810247495,1263.567186211916,3.1599998474121094
84,1669899873.76,314979.9755881575,-28.681085251190495,79.0437036510557,-0.127350099006037,0.9999987021240938,-0.0016111331812538492,0.886460302196042,20.831321716308594,6.875411033630371,314972.96678071853,-38.388251846242206,60.479514674283564,0.8884681516126989,0.99989211356256,0.014688813273939621,0.9174013203517006,67.10565100775824,11.083284378051758,0.3527681349113364,26.351530599855955,1201.4149892844255,3.1999998092651367
85,1669899873.8000002,314983.1380559343,-28.68519339031057,79.07942667696625,-0.12090127539670448,0.9999988312974719,-0.0015288569882145287,0.8988241371132517,20.831321716308594,6.875411033630371,314975.38714700856,-38.38398604609568,60.51728641940281,0.8345529075476179,0.9999049270601813,0.013789011595234343,0.9347533643336874,67.10565100775824,11.083284378051758,0.37356430751495967,24.87752951244221,1034.255520874448,3.240000009536743
86,1669899873.8400002,314986.30195772403,-28.689043462556622,79.11562953516841,-0.11444734630759967,0.9999989537000594,-0.0014465817593029965,0.9046154974054161,20.831321716308594,6.875411033630371,314977.80900294567,-38.38162314503335,60.55578424036503,0.7810253227632984,0.9999168361111241,0.012896544557333592,0.9520235808988673,67.10565100775824,11.083284378051758,0.3999608582144042,23.229066885458618,783.4929469581343,3.2799999713897705
87,1669899873.88,314989.4673027401,-28.692635490166285,79.15181460184976,-0.10798913001025312,0.9999990693042488,-0.0013643279064218061,0.9068329690196606,20.831321716308594,6.875411033630371,314980.2323745583,-38.38114361901619,60.59483064804226,0.7278891199505324,0.9999278589747139,0.012011529721250901,0.9716839652118097,67.10565100775824,11.083284378051758,0.4330965751842577,21.445332371170856,572.4428950078026,3.319999933242798
88,1669899873.92,314992.63409919053,-28.69596960219619,79.18819379620254,-0.10152881540409453,0.9999991780843829,-0.0012821195570802925,0.9114393565291721,20.831321716308594,6.875411033630371,314982.65729535086,-38.38252695984429,60.634796612430364,0.6751559304403827,0.9999380139523452,0.011134103153803653,0.9984061940887159,67.10565100775824,11.083284378051758,0.4744339831982937,19.570317014272646,426.576254718894,3.359999895095825
89,1669899873.96,314995.8023543969,-28.699046027464142,79.22474630689248,-0.09506842191558462,0.9999992800200692,-0.0011999830595854862,0.9126053569749502,20.831321716308594,6.875411033630371,314985.0838066208,-38.38575220646442,60.67587815923616,0.6228345269451552,0.9999473196194605,0.010264403823720496,1.0277737124453097,67.10565100775824,11.083284378051758,0.525892479171994,17.648812543609875,321.83185804744545,3.3999998569488525
90,1669899874.0,314998.97207490273,-28.701865107691603,79.26121771056205,-0.08860993148215357,0.9999993750965558,-0.0011179474485627841,0.9162866409876642,20.831321716308594,6.875411033630371,314987.5119575713,-38.390797772168376,60.71809299988672,0.5709319058299229,0.9999557947767916,0.009402579024651747,1.064348964041642,67.10565100775824,11.083284378051758,0.5900404371820718,15.723371760451347,250.04424101431783,3.43999981880188
91,1669899874.0400002,315002.14326658164,-28.704427290049217,79.2980638705194,-0.08215624276397193,0.9999994633073764,-0.0010360429329708469,0.9254499831358771,20.831321716308594,6.875411033630371,314989.9418054235,-38.39764196979954,60.76200244668871,0.5194593043519262,0.999963458606699,0.008548768994914675,1.110371889379394,67.10565100775824,11.083284378051758,0.6956623734294516,13.329614140228992,199.88195172897653,3.4800000190734863
92,1669899874.0800002,315005.3159346256,-28.706733172543593,79.3352672625333,-0.07571003724143566,0.9999995446513543,-0.0009543045026423876,0.9282743388423569,20.831321716308594,6.875411033630371,314992.3734153165,-38.4062617499987,60.80780289461836,0.46842521118463765,0.999970330339634,0.007703144841123185,1.156734285456423,67.10565100775824,11.083284378051758,0.8400625440119359,11.032186331454122,161.41989852138212,3.5199999809265137
93,1669899874.1200001,315008.490083533,-28.708783460916724,79.37233807565644,-0.06927358688210461,0.9999996191387751,-0.0008727670392227958,0.9276887974247074,20.831321716308594,6.875411033630371,314994.8068602335,-38.41663443540684,60.85532710002735,0.4178338324255719,0.9999764297248743,0.006865857171064274,1.2056117135530258,67.10565100775824,11.083284378051758,1.0212543315514573,9.068953837026344,132.26975156550253,3.559999942779541
94,1669899874.16,315011.66571709653,-28.710579013557716,79.40949354879558,-0.06285016237541186,0.9999996867884593,-0.000791468877098372,0.9295482021111638,20.831321716308594,6.875411033630371,314997.2422208995,-38.42873646875552,60.904946031048894,0.36769434994346284,0.9999817767043818,0.006037073723916974,1.2613899089827783,67.10565100775824,11.083284378051758,1.2532749556312797,7.384475165337584,110.28885513538778,3.5999999046325684
95,1669899874.2,315014.8428382967,-28.712120832310266,79.44671204080805,-0.05644294935387961,0.999999747630201,-0.0007104502333638645,0.9278620872796637,20.831321716308594,6.875411033630371,314999.67958551674,-38.44254395786293,60.956843067891896,0.31801395162096924,0.999986391553446,0.00521696347678169,1.3193413599316273,67.10565100775824,11.083284378051758,inf,0.0,inf,3.6399998664855957
96,1669899874.24,315018.0214491954,-28.713410073226214,79.48373155575246,-0.05005517226197753,0.9999998017052116,-0.0006297535527907045,0.9284608086458093,20.831321716308594,6.875411033630371,315002.1190495023,-38.458032547736465,61.011011021677405,0.2687988691629357,0.9999902948531092,0.004405700805956522,1.3837762536118134,67.10565100775824,11.083284378051758,inf,0.0,inf,3.679999828338623
97,1669899874.2800002,315021.20155077276,-28.714448036455558,79.52099710516632,-0.04369058603992926,0.9999998490677617,-0.0005494219267375462,0.9342061999407179,20.831321716308594,6.875411033630371,315004.56071506493,-38.4751779472793,61.067978465463966,0.22005684532666692,0.9999935075524052,0.003603450157492599,1.4567183629201281,67.10565100775824,11.083284378051758,inf,0.0,inf,3.7200000286102295
98,1669899874.3200002,315024.3831427645,-28.715236209790177,79.5584751944989,-0.03735292011037927,0.9999998897836185,-0.0004695026633197511,0.9331661233505884,20.831321716308594,6.875411033630371,315007.0046907949,-38.49395477077377,61.12789942929521,0.17179458469223619,0.9999960508154698,0.0028104009437201214,1.5288051880811508,67.10565100775824,11.083284378051758,inf,0.0,inf,3.759999990463257
99,1669899874.3600001,315027.5662234983,-28.715776223600304,79.59565627155825,-0.031045679219687372,0.9999999239334796,-0.00039004235045479567,0.9282480895576555,20.831321716308594,6.875411033630371,315009.45109128486,-38.514338187885045,61.19055357389152,0.12401629605778908,0.9999979462034748,0.002026718735332143,1.6020046378504276,67.10565100775824,11.083284378051758,inf,0.0,inf,3.799999952316284
100,1669899874.4,315030.7507898375,-28.71606989235249,79.63273988617584,-0.02477297448695026,0.9999999516114102,-0.00031109030436012313,0.9253395174013122,20.831321716308594,6.875411033630371,315011.9000365972,-38.53630277193732,61.25625303015113,0.07672841561219457,0.999999215521405,0.0012525799673484468,1.6805519606251664,67.10565100775824,11.083284378051758,inf,0.0,inf,3.8399999141693115
101,1669899874.44,315033.93683712394,-28.71611920519043,79.6696872599423,-0.018538907884874334,0.9999999729260229,-0.0002326971276097086,0.918479505054961,20.831321716308594,6.875411033630371,315014.3516517667,-38.55982302924579,61.32511596893892,0.029936260196279818,0.9999998808515875,0.00048815654330901893,1.7595643670982781,67.10565100775824,11.083284378051758,inf,0.0,inf,3.879999876022339
102,1669899874.48,315037.12435911904,-28.71592633506747,79.70622107340023,-0.012347693236733903,0.9999999880006638,-0.0001549150483147229,0.913592595529849,20.831321716308594,6.875411033630371,315016.80606632703,-38.58487329327264,61.3970639212057,-0.016354989142200793,0.9999999645206794,-0.0002663806299097,1.8432665299238806,67.10565100775824,11.083284378051758,inf,0.0,inf,3.919999837875366
103,1669899874.5200002,315040.3133479913,-28.715493627848172,79.74277673149481,-0.006203701840718168,0.9999999969738591,-7.779641086281247e-05,0.9136323580432872,20.831321716308594,6.875411033630371,315019.2634137063,-38.61142822449421,61.4725535097532,-0.06214117016617138,0.9999994890645709,-0.0010108761531467318,1.933568203748223,67.10565100775824,11.083284378051758,inf,0.0,inf,3.9600000381469727
104,1669899874.5600002,315043.503794302,-28.71482364183463,79.77931276662275,-0.0001114523284400093,0.9999999999990242,-1.3970078780439033e-06,0.9066807253898332,20.831321716308594,6.875411033630371,315021.7238306521,-38.63946174426901,61.551658117212355,-0.10741753051172509,0.9999984772106646,-0.0017451579733709385,2.0208997760258853,67.10565100775824,11.083284378051758,inf,0.0,inf,4.0
105,1669899874.6000001,315046.69568692875,-28.71391910264826,79.81531114177778,0.0059245820592082055,0.9999999972450544,7.42286405720117e-05,0.895657138231968,20.831321716308594,6.875411033630371,315024.1874565276,-38.66894857848206,61.63406887324527,-0.15218009529462506,0.9999969518099341,-0.0024690829958628614,2.107122963204233,67.10565100775824,11.083284378051758,inf,0.0,inf,4.039999961853027
106,1669899874.64,315049.88901298825,-28.712782943077436,79.8509643827565,0.011899698292268113,0.9999999888959459,0.00014902385027052863,0.8864603937784068,20.831321716308594,6.875411033630371,315026.6544326359,-38.699863194515686,61.72000896092504,-0.1964252323305118,0.9999949358181147,-0.003182505007764413,2.1963808454116815,67.10565100775824,11.083284378051758,inf,0.0,inf,4.079999923706055
107,1669899874.68,315053.0837577571,-28.711418291493207,79.88622614042833,0.01780913861909994,0.9999999751508232,0.0002229312741003892,0.8760955924881273,20.831321716308594,6.875411033630371,315029.12490156223,-38.73218029771524,61.80950051918626,-0.24014959002607839,0.9999924522358964,-0.003885289080423472,2.2859145679823314,67.10565100775824,11.083284378051758,inf,0.0,inf,4.119999885559082
108,1669899874.72,315056.27990464435,-28.709828476228648,79.9210493513383,0.02364806370013639,0.999999956223726,0.0002958927949125618,0.861575448513122,20.831321716308594,6.875411033630371,315031.599006382,-38.765874810895106,61.90254602069035,-0.2833501463073844,0.9999895240591196,-0.004577310565760851,2.372899315858376,67.10565100775824,11.083284378051758,inf,0.0,inf,4.159999847412109
109,1669899874.76,315059.4774351619,-28.708017029834192,79.9551486861892,0.029411457883952608,0.999999932343396,0.0003678494303038366,0.8488715675730418,20.831321716308594,6.875411033630371,315034.0768898764,-38.80092186528556,61.998941615689546,-0.3260231169381882,0.9999861742329089,-0.005258454433615756,2.4614031866187815,67.10565100775824,11.083284378051758,inf,0.0,inf,4.199999809265137
110,1669899874.8000002,315062.6763289634,-28.70598767710272,79.98895501252264,0.03509457498370239,0.9999999037524087,0.00043874271892212945,0.8409878850289942,20.831321716308594,6.875411033630371,315036.5586936103,-38.8372972657124,62.0990158142522,-0.3681684794988769,0.9999824255262723,-0.005928628727914727,2.553159089552878,67.10565100775824,11.083284378051758,inf,0.0,inf,4.240000009536743
111,1669899874.8400002,315065.87656388094,-28.70374437075831,80.0224229185842,0.04069233002439887,0.9999998707080032,0.0005085115306319472,0.8260476579722535,20.831321716308594,6.875411033630371,315039.0445570034,-38.874976536658814,62.2027021413669,-0.40978385531309414,0.999978300633559,-0.0065877357278108,2.6383423211021864,67.10565100775824,11.083284378051758,inf,0.0,inf,4.2799999713897705
112,1669899874.88,315069.07811595977,-28.70129124884176,80.05503313010558,0.046199478676328454,0.9999998334798619,0.0005770963945277672,0.8071031099218544,20.831321716308594,6.875411033630371,315041.53461635945,-38.91393631311946,62.30954318633303,-0.4508657740011017,0.9999738218860987,-0.007235712992426592,2.718705760696025,67.10565100775824,11.083284378051758,inf,0.0,inf,4.319999933242798
113,1669899874.92,315072.28095960745,-28.698632668307912,80.08698482206091,0.05161098151307897,0.9999997923508206,0.0006444364325960259,0.7902026190419065,20.831321716308594,6.875411033630371,315044.029004023,-38.95415338503313,62.41961382422596,-0.4914139160427453,0.9999690113566699,-0.007872504453102763,2.798340732101451,67.10565100775824,11.083284378051758,inf,0.0,inf,4.359999895095825
114,1669899874.96,315075.485067741,-28.695773192478597,80.11824238952249,0.05692168001723985,0.9999997476156435,0.0007104707236880452,0.7694660333031607,20.831321716308594,6.875411033630371,315046.5278474846,-38.99560514439321,62.532783325295895,-0.5314273664787947,0.999963890723063,-0.008498073310705815,2.872088967574996,67.10565100775824,11.083284378051758,inf,0.0,inf,4.3999998569488525
115,1669899875.0,315078.69041191984,-28.692717594977587,80.14853459782898,0.062126194029190174,0.9999996995804901,0.0007751380069143803,0.7509331807169701,20.831321716308594,6.875411033630371,315049.0312686026,-39.03826950233273,62.648713876027614,-0.5709037867814573,0.9999584812294725,-0.00911239909390361,2.9441336700938336,67.10565100775824,11.083284378051758,inf,0.0,inf,4.43999981880188
116,1669899875.0400002,315081.8969624783,-28.689470847510844,80.17830920545384,0.06721974901205385,0.9999996485611564,0.000838377936059677,0.7376275000858641,20.831321716308594,6.875411033630371,315051.5393827726,-39.08212529220844,62.76761005911976,-0.6098468203896346,0.9999528035210288,-0.009715489202036257,3.0163523447823763,67.10565100775824,11.083284378051758,inf,0.0,inf,4.480000019073486
117,1669899875.0800002,315085.10468855756,-28.686038148204513,80.20753650553524,0.07219710774870691,0.9999995948843833,0.0009001283625703758,0.7176233271351293,20.831321716308594,6.875411033630371,315054.05229822797,-39.12715139799829,62.889282749034464,-0.6482564374273352,0.9999468778320783,-0.010307352418484402,3.0789329819807563,67.10565100775824,11.083284378051758,inf,0.0,inf,4.519999980926514
118,1669899875.1200001,315088.313558137,-28.68242488253185,80.2357101966627,0.07705272213968328,0.9999995388839126,0.0009603290906327447,0.6939187265018063,20.831321716308594,6.875411033630371,315056.5701152785,-39.17332799502532,63.01315159769729,-0.6861300952880924,0.9999407235859431,-0.010888035379292777,3.133741002947204,67.10565100775824,11.083284378051758,inf,0.0,inf,4.559999942779541
119,1669899875.16,315091.52353806456,-28.67863665144519,80.26304077962413,0.08178159414353559,0.9999994809017175,0.0010189191799423066,0.672488314775137,20.831321716308594,6.875411033630371,315059.09292552597,-39.220635676000164,63.13917802926153,-0.7234706835747033,0.9999343595924315,-0.011457596016357749,3.1850178042772086,67.10565100775824,11.083284378051758,inf,0.0,inf,4.599999904632568
120,1669899875.2,315094.7345940509,-28.674679257653523,80.28949974384159,0.08637855992435561,0.999999421285929,0.0010758381881996095,0.6473480435262218,20.831321716308594,6.875411033630371,315061.62081121135,-39.269055834023014,63.26712022442371,-0.7602798454543063,0.9999278038908759,-0.012016114428962756,3.227672166207867,67.10565100775824,11.083284378051758,inf,0.0,inf,4.639999866485596
121,1669899875.24,315097.94669066323,-28.67055870722394,80.3148188679479,0.09083820179824897,0.9999993603899543,0.0011310259423802837,0.6244741752376513,20.831321716308594,6.875411033630371,315064.15384453913,-39.31857056312475,63.39653226360679,-0.7965572081680534,0.9999210737399522,-0.012563689376176364,3.2660892292120707,67.10565100775824,11.083284378051758,inf,0.0,inf,4.679999828338623
122,1669899875.2800002,315101.15979130904,-28.666281196666116,80.33944788714871,0.09515600673455538,0.9999992985700938,0.001184423623659329,0.6068499875682392,20.831321716308594,6.875411033630371,315066.69208716456,-39.369162991581696,63.52752381796017,-0.8323104241204646,0.9999141854536852,-0.013100447644769357,3.3023211956469822,67.10565100775824,11.083284378051758,inf,0.0,inf,4.7200000286102295
123,1669899875.3200002,315104.3738582197,-28.661853136450326,80.36335695721209,0.09932688300835935,0.9999992361871138,0.001235971354383451,0.5825100742665654,20.831321716308594,6.875411033630371,315069.2355896883,-39.42081648896448,63.65981146786362,-0.8675422318725623,0.9999071546682583,-0.013626519850190748,3.326621064624419,67.10565100775824,11.083284378051758,inf,0.0,inf,4.759999990463257
124,1669899875.3600001,315107.58885243273,-28.657281115140382,80.38603857019916,0.10334529995066077,0.9999991736012113,0.0012856114865765057,0.554479066481008,20.831321716308594,6.875411033630371,315071.78439112555,-39.473515735498,63.79272513091564,-0.9022515242294276,0.9998999959030209,-0.014142071741394972,3.3411227207161573,67.10565100775824,11.083284378051758,inf,0.0,inf,4.799999952316284
125,1669899875.4,315110.80473387026,-28.652571920563204,80.40770515426993,0.10720658934479843,0.9999991111733871,0.0013332863293516802,0.5287899823936186,20.831321716308594,6.875411033630371,315074.3385186035,-39.527245909370734,63.92615354433656,-0.9364446915225813,0.9998927228487874,-0.01464727940739304,3.35037188946319,67.10565100775824,11.083284378051758,inf,0.0,inf,4.8399999141693115
126,1669899875.44,315114.0214614154,-28.647732527687303,80.42833169316873,0.11090587455788636,0.9999990492630652,0.0013789390725979093,0.49951118625426716,20.831321716308594,6.875411033630371,315076.8979870609,-39.5819930088538,64.05978938750923,-0.9701262293739319,0.9998853482228076,-0.015142338305389007,3.349471042153482,67.10565100775824,11.083284378051758,inf,0.0,inf,4.879999876022339
127,1669899875.48,315117.23899298895,-28.642770097919264,80.44765608478338,0.11443800181552888,0.9999989882269966,0.0014225136144382204,0.4727154425580693,20.831321716308594,6.875411033630371,315079.4627989753,-39.63774372869956,64.19312954554334,-1.003298019296892,0.9998778838063446,-0.015627459004782542,3.343146701505475,67.10565100775824,11.083284378051758,inf,0.0,inf,4.919999837875366
128,1669899875.5200002,315120.45728569047,-28.637691966687598,80.46613924019039,0.11779896718769578,0.9999989284166847,0.0014639554235932701,0.45148223510705066,20.831321716308594,6.875411033630371,315082.03294430574,-39.694485719599186,64.32624547276646,-1.0359717727967563,0.9998703403128251,-0.01610287436190119,3.333814790843121,67.10565100775824,11.083284378051758,inf,0.0,inf,4.960000038146973
129,1669899875.5600002,315123.6762959397,-28.632505658140182,80.48376520443708,0.12098412117330781,0.9999988701795125,0.001503209798593011,0.4238901038270342,20.831321716308594,6.875411033630371,315084.60840048123,-39.752206834587035,64.4588256268762,-1.0681530815325573,0.9998627277380253,-0.01656881650195025,3.311986349432118,67.10565100775824,11.083284378051758,inf,0.0,inf,5.0
130,1669899875.6000001,315126.89597957314,-28.627218853720407,80.50004115747288,0.1239882801584713,0.9999988138535901,0.0015402244683039893,0.3929954966451987,20.831321716308594,6.875411033630371,315087.1891325703,-39.81089603758447,64.59018234489486,-1.0998423689213723,0.9998550549315713,-0.01702554339174839,3.280179391015963,67.10565100775824,11.083284378051758,inf,0.0,inf,5.039999961853027
131,1669899875.64,315130.1162919406,-28.621839407143714,80.5151958889328,0.1268073828780416,0.999998759769043,0.0015749477375988107,0.3648637650007913,20.831321716308594,6.875411033630371,315089.7750935016,-39.87054268058488,64.72020700527355,-1.1310493572040627,0.9998473299460731,-0.017473316791856954,3.243354874827901,67.10565100775824,11.083284378051758,inf,0.0,inf,5.079999923706055
132,1669899875.68,315133.3371880015,-28.616375331397588,80.52922169165686,0.12943714626555902,0.9999987082453958,0.0016073293190407123,0.3365899966389634,20.831321716308594,6.875411033630371,315092.36622429197,-39.93113674481104,64.84860788844526,-1.161781179854529,0.9998395599324986,-0.017912408938705753,3.1993588740479026,67.10565100775824,11.083284378051758,inf,0.0,inf,5.119999885559082
133,1669899875.72,315136.55862248864,-28.61083479370091,80.54211496096104,0.13187341783219608,0.9999986595901941,0.0016373203153616336,0.30529014880858085,20.831321716308594,6.875411033630371,315094.9624544741,-39.992668750033786,64.97510399436578,-1.192045350559738,0.9998317511985788,-0.018343099388676863,3.146057028191308,67.10565100775824,11.083284378051758,inf,0.0,inf,5.159999847412109
134,1669899875.76,315139.78055007284,-28.605226110069303,80.55363726476207,0.13411178091479314,0.9999986140975874,0.0016648732397788212,0.27711306300216165,20.831321716308594,6.875411033630371,315097.5637025304,-40.05512967157879,65.0992328049615,-1.2218460119692622,0.999823909271508,-0.018765672091327682,3.088651205581982,67.10565100775824,11.083284378051758,inf,0.0,inf,5.199999809265137
135,1669899875.8000002,315143.0029256203,-28.599557733338873,80.5642769630067,0.13614919628173539,0.9999985720460227,0.001689942577520625,0.25522207333881397,20.831321716308594,6.875411033630371,315100.16987648665,-40.11851114988453,65.22113003628328,-1.2511989194798048,0.9998160387997899,-0.019180421233562603,3.029940259236696,67.10565100775824,11.083284378051758,inf,0.0,inf,5.240000009536743
136,1669899875.8400002,315146.22570445144,-28.593838259079817,80.57404857082292,0.13798194148535003,0.9999985336988338,0.0017124836297754758,0.2277949001199886,20.831321716308594,6.875411033630371,315102.78087450675,-40.1828048597016,65.34055553423241,-1.2801123562855423,0.999808143931197,-0.019587632037972303,2.9605920345923096,67.10565100775824,11.083284378051758,inf,0.0,inf,5.2799999713897705
137,1669899875.88,315149.448842601,-28.588076402871057,80.58249464957044,0.1396056833339685,0.9999984993002571,0.0017324541072457306,0.19805329133930627,20.831321716308594,6.875411033630371,315105.3965854435,-40.2480033033977,65.45689846249297,-1.3085879852395124,0.9998002278886241,-0.019987604004862155,2.883441715854701,67.10565100775824,11.083284378051758,inf,0.0,inf,5.319999933242798
138,1669899875.92,315152.67229720234,-28.582281003665756,80.58988758781925,0.14101745921016118,0.999998469075836,0.0017498131284704678,0.1722311146992297,20.831321716308594,6.875411033630371,315108.0168895586,-40.314099155674924,65.57014685543254,-1.3366385987105787,0.9997922933682732,-0.020380631035580576,2.803747474274701,67.10565100775824,11.083284378051758,inf,0.0,inf,5.359999895095825
139,1669899875.96,315155.8960268755,-28.57646101060097,80.59626858588308,0.1422140949306936,0.9999984432301834,0.0017645218076633477,0.14453717437663727,20.831321716308594,6.875411033630371,315110.64165918715,-40.38108551345917,65.68010965362191,-1.3642736135898872,0.9997843424241923,-0.02076700853337302,2.716975087603714,67.10565100775824,11.083284378051758,inf,0.0,inf,5.3999998569488525
140,1669899876.0,315159.1199920493,-28.57062547439152,80.60144673427567,0.14319218712569182,0.9999984219456846,0.0017765433123392161,0.1211613329866168,20.831321716308594,6.875411033630371,315113.27075926523,-40.448955821058405,65.78641216317192,-1.3914984614682453,0.9997763765386682,-0.021147030884056305,2.62832277943005,67.10565100775824,11.083284378051758,inf,0.0,inf,5.43999981880188
141,1669899876.0400002,315162.34415528853,-28.564783535575046,80.6059584422037,0.14394983418429774,0.9999984053807196,0.0017858432232690574,0.10525359578639382,20.831321716308594,6.875411033630371,315115.90404781984,-40.51770410387149,65.8892796272412,-1.4183315543727986,0.9997683964995964,-0.021520998132658523,2.54048697908911,67.10565100775824,11.083284378051758,inf,0.0,inf,5.480000019073486
142,1669899876.0800002,315165.56848149735,-28.558944418231835,80.6098647499457,0.14448448965652005,0.9999983936690415,0.0017923892815700157,0.08493289579860175,20.831321716308594,6.875411033630371,315118.54137632856,-40.58732441428859,65.98855176754296,-1.4447827230223993,0.9997604027749364,-0.021889199238368524,2.4438617983074664,67.10565100775824,11.083284378051758,inf,0.0,inf,5.519999980926514
143,1669899876.1200001,315168.79293812625,-28.5531174151799,80.61275156820193,0.1447929848307581,0.9999983869177775,0.0017961519542633066,0.06331842048962244,20.831321716308594,6.875411033630371,315121.1825900331,-40.657811585053715,66.0836854078807,-1.4708540165104864,0.9997523950559222,-0.02225193429676095,2.341103562173089,67.10565100775824,11.083284378051758,inf,0.0,inf,5.559999942779541
144,1669899876.16,315172.0174953843,-28.5473118812563,80.61492952844128,0.1448736642721542,0.9999983852069012,0.0017971042234807013,0.04650384876697444,20.831321716308594,6.875411033630371,315123.8275282634,-40.72916065134482,66.17473393958062,-1.4965600157691483,0.9997443726481143,-0.02260949708481535,2.237344382903075,67.10565100775824,11.083284378051758,inf,0.0,inf,5.599999904632568
145,1669899876.2,315175.2421263554,-28.54153721996426,80.6164720011875,0.14472469123478504,0.9999983885878224,0.0017952219246399588,0.028538818371657726,20.831321716308594,6.875411033630371,315126.4760248179,-40.80136705465568,66.26156398234889,-1.52191129888854,0.9997363343628848,-0.02296218096484402,2.1279003421913103,67.10565100775824,11.083284378051758,inf,0.0,inf,5.639999866485596
146,1669899876.24,315178.46680711757,-28.535802871646506,80.61721358541399,0.14434405743020307,0.999998397082349,0.0017904839380938565,0.01544861579998269,20.831321716308594,6.875411033630371,315129.12790832587,-40.874426550453144,66.34385425737128,-1.5469138805810871,0.9997282786010792,-0.023310275959820635,2.0179798809631393,67.10565100775824,11.083284378051758,inf,0.0,inf,5.679999828338623
147,1669899876.2800002,315181.6915167425,-28.53011830191297,80.6177096706815,0.14373130738533746,0.9999984106819736,0.0017828722688564645,0.01023771032487275,20.831321716308594,6.875411033630371,315131.7830026889,-40.94833539363521,66.42188834957778,-1.5715879984397816,0.9997202032445802,-0.02365407416525141,1.9103209744826017,67.10565100775824,11.083284378051758,inf,0.0,inf,5.7200000286102295
148,1669899876.3200002,315184.91623729724,-28.52449298733166,80.61803520470858,0.14288540408290373,0.9999984293468238,0.0017723723890897384,0.0008774516106768715,20.831321716308594,6.875411033630371,315134.4411275089,-41.02308982946199,66.49556303117424,-1.5959443244515796,0.9997121060325711,-0.02399385446154095,1.795290995906953,67.10565100775824,11.083284378051758,inf,0.0,inf,5.759999990463257
149,1669899876.3600001,315188.140953849,-28.518936407360084,80.61778327869251,0.14180472198211191,0.9999984530058287,0.0017589729814428282,-0.009680689635388262,20.831321716308594,6.875411033630371,315137.1020984606,-41.09868675958321,66.56439137086272,-1.6199846764904464,0.9997039841155839,-0.024329902248645837,1.6756388347874918,67.10565100775824,11.083284378051758,inf,0.0,inf,5.799999952316284
150,1669899876.4,315191.36565435264,-28.51345802688961,80.61726496042684,0.14048922004997166,0.9999984815555872,0.0017426664969825414,-0.015499292324193448,20.831321716308594,6.875411033630371,315139.7657277826,-41.17512320437088,66.6284909369424,-1.6437246799345644,0.9996958344522205,-0.02466249336296767,1.5565929219300187,67.10565100775824,11.083284378051758,inf,0.0,inf,5.8399999141693115
151,1669899876.44,315194.59032953955,-28.508067285972206,80.61654832493514,0.1389387178367656,0.9999985148606287,0.0017234490235602297,-0.02266994207980133,20.831321716308594,6.875411033630371,315142.4318247199,-41.2523965149947,66.68779244273901,-1.6671753986864246,0.9996876536786005,-0.024991900339399867,1.4334725386356695,67.10565100775824,11.083284378051758,inf,0.0,inf,5.879999876022339
152,1669899876.48,315197.81497280963,-28.502773585403414,80.61545710917562,0.13715293248469607,0.9999985527531423,0.0017013205520227067,-0.025305444233936214,20.831321716308594,6.875411033630371,315145.10019594926,-41.33050428518291,66.74203907884657,-1.6903428156482505,0.9996794381909837,-0.025318389722872273,1.3115519180548745,67.10565100775824,11.083284378051758,inf,0.0,inf,5.919999837875366
